score,distance_0,distance_1,distance_2,distance_3,distance_4
4.0973393051163394e-06,0.5002083333333334,0.8539270833333333,0.7824687499999999,1.2040729166666666,1.3005416666666667
7.912949771521733e-06,2.5010416666666666,2.8154583333333334,2.5725,2.9405104166666667,2.7725833333333334
1.2389163435070087e-06,6.499135416666666,6.806406249999999,6.52771875,6.859999999999999,6.609895833333333
4.487875153755171e-05,4.03025,4.37325,4.626927083333333,4.966354166666666,5.223604166666666
1.076937143174469e-05,3.5014583333333333,3.2156249999999997,3.5514791666666663,3.3228125,3.7015416666666665
0.06618703343622004,4.71625,5.130708333333333,5.234322916666667,5.277197916666666,5.41296875
2.7767366842007922e-05,6.0203645833333335,5.75596875,5.4236875,5.1628645833333335,4.827010416666666
