score,distance_0,distance_1,distance_2,distance_3,distance_4
2.244662154833834e-05,3.16203125,2.8297499999999998,1.4148749999999999,2.0008333333333335,1.4148749999999999
8.43281658596572e-05,9.48609375,10.197104166666666,9.053770833333333,10.00059375,9.053770833333333
4.187780800843944e-06,11.401177083333334,10.197104166666666,11.043885416666667,10.00059375,11.043885416666667
0.0004146374142059558,13.037572916666667,14.141604166666665,15.034833333333333,16.124572916666665,17.02852083333333
0.00029077605419565433,17.02852083333333,16.124572916666665,15.034833333333333,14.141604166666665,13.037572916666667
